Seconds,Value
3838363873.2689919,False
3838363875.3689919,False
3838363878.121984,True
3838363908.3329921,False
