Seconds,Value.key,Value.pressed
3838184671.6969919,Back,True
3838184671.7889919,Back,False
3838184671.8720002,Back,True
3838184671.942976,Back,False
3838184672.024992,Back,True
3838184672.112,Back,False
3838184672.7179842,D8,True
3838184672.8179841,D8,False
3838184673.2379842,D0,True
3838184673.325984,D0,False
3838184673.4019842,D0,True
3838184673.4909759,D0,False
