Seconds,Value
3838184640.5679998,False
3838184641.596992,False
