Seconds,Value
3838184640.5849919,
3838184641.596992,
