Seconds,Value
3838359891.6440001,False
3838359891.7219839,False
3838359945.2019839,True
3838359975.3619838,False
