Seconds,Value
3841031446.601984,False
3841031447.6779842,False
3841031454.3349762,True
3841031484.6729922,False
