Seconds,Value
3838184474.125504,False
3838184474.1539841,False
3838184484.7749758,True
3838184515.141984,False
