Seconds,Value
3838368162.5009918,False
3838368164.5799999,False
3838368173.5799999,True
3838368204.004992,False
