Seconds,Value
3839138751.5309758,False
3839138752.6139841,False
3839138754.4819841,True
3839138784.753984,False
