Seconds,Value
3841031357.5609918,
3841031359.576992,
