Seconds,Value
3841031357.544992,False
3841031359.576992,False
