Seconds,Value
3838204920.4120002,False
3838204922.4959998,False
3838204923.6929922,True
3838204954.0849919,False
