Seconds,Value
3838371662.402976,False
3838371663.4259839,False
3838371664.0789762,True
3838371694.296,False
