Seconds,Value
3838371662.4159999,
3838371663.4259839,
3838371664.0789762,
3838371694.296,
