Seconds,Value
3838184229.0799999,False
3838184230.152,False
3838184248.6049919,True
3838184278.989984,False
