Seconds,Value
3840363335.494976,False
3840363335.596992,False
3840363351.3989758,True
3840363381.684,False
