Seconds,Value
3838184683.5960002,False
3838184684.621984,False
