Seconds,Value
3838184683.6089921,
3838184684.621984,
