Seconds,Value
3838354788.4609919,False
3838354788.5560002,False
3838354791.6699839,True
