Seconds,Value
3840865043.81248,False
3840865045.8319998,False
3840865050.54,True
3840865080.9039998,False
