Seconds,Value
3840262166.0289922,False
3840262168.0949759,False
3840262190.7160001,True
3840262221.116992,False
