Seconds,Value
3838184570.2124801,False
3838184572.2419839,False
3838184577.7639999,True
3838184608.0949759,False
