Seconds,Value
3841031504.0789762,False
3841031504.1160002,False
