Seconds,Value
3841031504.0939841,
3841031504.1160002,
