Seconds,Value
3840864968.2529922,False
3840864969.3289919,False
3840864972.2099838,True
3840865002.5609918,False
3840865003.8649921,False
3840865003.9239998,True
3840865034.3189759,False
