Seconds,Value
3838373938.7480001,False
3838373939.8219838,False
3838373945.7680001,True
3838373976.0409918,False
