Seconds,Value
1637.2309760000001,False
3841031232.3280001,False
3841031242.432992,True
3841031253.5589762,False
