Seconds,Value
3840363499.7749758,
3840363501.7869759,
