Seconds,Value
3840363499.7469759,False
3840363501.7869759,False
