Seconds,Value
3838371837.7549758,False
3838371839.7779841,False
3838371841.186976,True
3838371871.4149761,False
