Seconds,Value
3838371837.7699838,
3838371839.7779841,
3838371841.186976,
3838371871.4149761,
