Seconds,Value
3838371413.6829758,
3838371414.7019839,
3838371416.6609921,
3838371446.9149761,
