Seconds,Value
3838371413.6249919,False
3838371414.7009921,False
3838371416.6609921,True
3838371446.9149761,False
