Seconds,Value.key,Value.pressed
3838184431.2129922,Escape,True
3838184431.4059839,Escape,False
3838184464.464992,D8,True
3838184464.5529919,D8,False
3838184464.8349762,D0,True
3838184464.9249921,D0,False
3838184464.9909759,D0,True
3838184465.0869761,D0,False
