Seconds,Value
3838184425.3319998,False
3838184426.3539839,False
