Seconds,Value
3838184425.345984,
3838184426.3539839,
